timestamp_utc,ActiveTransactions,BlockedTransactions,BufferCacheHitRatio,CPUUtilization,CommitLatency,CommitThroughput,DBLoad,DBLoadCPU,DBLoadNonCPU,DatabaseConnections,DeadlocksActive,DeadlocksAvgDuration,DiskQueueDepth,EBSByteBalance%,EBSIOBalance%,FreeableMemory,MaximumUsedTransactionIDs,NetworkReceiveThroughput,NetworkTransmitThroughput,ReadIOPS,ReadLatency,ReadThroughput,ReplicationSlotDiskUsage,SwapUsage,WriteIOPS,WriteLatency,WriteThroughput
2026-09-11T22:00:00+00:00,,,100.0,0.7766666666666667,0.008533333333333334,1.0,,,,17.0,,,0.0,,,74811396096.0,184647702.0,8416.213873795794,5854.395146504883,0.0,0.0,0.0,-1.0,0.0,0.0,0.0,0.0
2026-09-11T22:01:00+00:00,,,100.0,0.6533333333333334,0.00959016393442623,1.0166666666666666,,,,17.0,,,0.0,,,74815885312.0,184653132.0,8422.094476380904,5858.485378655336,0.0,0.0,0.0,-1.0,0.0,0.0,0.0,0.0
2026-09-11T22:02:00+00:00,,,100.0,0.63,0.010233333333333334,1.0,,,,17.0,,,0.0,,,74818371584.0,184658075.0,8434.57531049429,5867.166791697924,0.0,0.0,0.0,-1.0,0.0,0.0,0.0,0.0
2026-09-11T22:03:00+00:00,,,100.0,0.6466666666666667,0.010344262295081967,1.0166666666666666,,,,17.0,,,0.0,,,74816180224.0,184663183.0,8416.354151040885,5854.492724636232,0.0,0.0,0.0,-1.0,0.0,0.0,0.0,0.0
2026-09-11T22:04:00+00:00,,,100.0,0.6283333333333333,0.009433333333333332,1.0,,,,17.0,,,0.0,,,74826620928.0,184668091.0,8422.234811877228,5858.58299730063,0.0,0.0,0.0,-1.0,0.0,0.0,0.0,0.0
2026-09-11T22:05:00+00:00,,,100.0,0.7283333333333333,0.00996923076923077,1.0833333333333333,,,,17.0,,,0.0,,,74823864320.0,184672838.0,8421.673497950615,5858.192542237329,0.0,0.0,0.0,-1.0,0.0,0.0,0.0,0.0
2026-09-11T22:06:00+00:00,,,100.0,0.6383333333333334,0.009403225806451612,1.0333333333333334,,,,17.0,,,0.0,,,74824671232.0,184677412.0,8403.46167314202,5845.525337246336,0.0,0.0,0.0,-1.0,0.0,0.0,0.0,0.0
2026-09-11T22:07:00+00:00,,,100.0,0.6466666666666667,0.009918032786885246,1.0166666666666666,,,,17.0,,,0.0,,,74824052736.0,184682040.0,8424.4808160272,5860.145338177939,0.0,0.0,0.0,-1.0,0.0,0.0,0.0,0.0
2026-09-11T22:08:00+00:00,,,100.0,0.64,0.010133333333333333,0.9999666677777407,,,,17.0,,,0.0,,,74827927552.0,184686708.0,8424.2,5859.95,0.0,0.0,0.0,-1.0,0.0,0.0,0.0,0.0
2026-09-11T22:09:00+00:00,,,100.0,0.63,0.010049180327868851,1.016700556685223,,,,17.0,,,0.0,,,74826924032.0,184691406.0,8423.63842410506,5859.559362709153,0.0,0.0,0.0,-1.0,0.0,0.0,0.0,0.0
2026-09-11T22:10:00+00:00,,,100.0,0.7183333333333333,0.010533333333333334,1.0,,,,17.0,,,0.0,,,74822914048.0,184696128.0,8430.640027993935,5864.429373635712,0.0,0.0,0.0,-1.0,0.0,0.0,0.0,0.0
2026-09-11T22:11:00+00:00,,,100.0,0.635,0.00859016393442623,1.0166666666666666,,,,17.0,,,0.0,,,74821578752.0,184701077.0,8425.885177035407,5861.122224444889,0.0,0.0,0.0,-1.0,0.0,0.0,0.0,0.0
2026-09-11T22:12:00+00:00,,,100.0,0.6616666666666667,0.00815,1.0,,,,17.0,,,0.0,,,74819874816.0,184705894.0,8430.640027993935,5864.429373635712,0.0,0.0,0.0,-1.0,0.0,0.0,0.0,0.0
2026-09-11T22:13:00+00:00,,,100.0,0.6366666666666666,0.00924590163934426,1.0166666666666666,,,,17.0,,,0.0,,,74826620928.0,184710742.0,8385.382281351072,5832.949884965489,0.0,0.0,0.0,-1.0,0.0,0.0,0.0,0.0
2026-09-11T22:14:00+00:00,,,100.0,0.625,0.009733333333333333,1.0,,,,17.0,,,0.0,,,74822598656.0,184715987.0,8431.342487668311,5864.918010931876,0.0,0.0,0.0,-1.0,0.0,0.0,0.0,0.0
2026-09-11T22:15:00+00:00,,,100.0,0.7166666666666667,0.009676923076923078,1.0833333333333333,,,,17.0,,,0.0,,,74822643712.0,184720769.0,8417.055607414322,5854.980664088545,0.0,0.0,0.0,-1.0,0.0,0.0,0.0,0.0
2026-09-11T22:16:00+00:00,,,100.0,0.6333333333333333,0.010935483870967743,1.0333333333333334,,,,17.0,,,0.0,,,74820358144.0,184725627.0,8421.673497950615,5858.192542237329,0.0,0.0,0.0,-1.0,0.0,0.0,0.0,0.0
2026-09-11T22:17:00+00:00,,,100.0,0.6416666666666667,0.010081967213114754,1.0166666666666666,,,,17.0,,,0.0,,,74822197248.0,184730346.0,8432.86492973946,5866.57998699805,0.0,0.0,0.0,-1.0,0.0,0.0,0.0,0.0
2026-09-11T22:18:00+00:00,,,100.0,0.625,0.00985,1.0,,,,17.0,,,0.0,,,74823499776.0,184735469.0,8424.645434394946,5859.657017149142,0.0,0.0,0.0,-1.0,0.0,0.0,0.0,0.0
2026-09-11T22:19:00+00:00,,,100.0,0.6216666666666666,0.009147540983606558,1.0166666666666666,,,,17.0,,,0.0,,,74822488064.0,184740044.0,8425.885177035407,5861.122224444889,0.0,0.0,0.0,-1.0,0.0,0.0,0.0,0.0
2026-09-11T22:20:00+00:00,,,100.0,0.6883333333333332,0.01,1.0,,,,17.0,,,0.0,,,74823065600.0,184744609.0,8406.405705810796,5847.572864070389,0.0,0.0,0.0,-1.0,0.0,0.0,0.0,0.0
2026-09-11T22:21:00+00:00,,,100.0,0.6266666666666667,0.009737704918032787,1.0166666666666666,,,,17.0,,,0.0,,,74821132288.0,184749424.0,8425.463819572937,5860.829124368655,0.0,0.0,0.0,-1.0,0.0,0.0,0.0,0.0
2026-09-11T22:22:00+00:00,,,100.0,0.6416666666666667,0.009766666666666667,1.0,,,,17.0,,,0.0,,,74827214848.0,184754160.0,8423.357664233577,5859.364063593641,0.0,0.0,0.0,-1.0,0.0,0.0,0.0,0.0
2026-09-11T22:23:00+00:00,,,100.0,0.6566666666666667,0.010114754098360655,1.0166666666666666,,,,17.0,,,0.0,,,74827509760.0,184759125.0,8432.281076035868,5865.195506516884,0.0,0.0,0.0,-1.0,0.0,0.0,0.0,0.0
2026-09-11T22:24:00+00:00,,,100.0,0.6216666666666666,0.009066666666666667,1.0,,,,17.0,,,0.0,,,74824151040.0,184763972.0,8414.811358485535,5853.419544060792,0.0,0.0,0.0,-1.0,0.0,0.0,0.0,0.0
2026-09-11T22:25:00+00:00,,,100.0,0.7166666666666667,0.009830769230769231,1.0833333333333333,,,,17.0,,,0.0,,,74823135232.0,184769390.0,8432.747758258609,5865.895529850995,0.0,0.0,0.0,-1.0,0.0,0.0,0.0,0.0
2026-09-11T22:26:00+00:00,,,100.0,0.6366666666666666,0.009983870967741936,1.0333333333333334,,,,17.0,,,0.0,,,74825412608.0,184774274.0,8407.246304351449,5848.157592120394,0.0,0.0,0.0,-1.0,0.0,0.0,0.0,0.0
2026-09-11T22:27:00+00:00,,,100.0,0.6416666666666667,0.009967213114754098,1.0166666666666666,,,,17.0,,,0.0,,,74826784768.0,184779471.0,8417.75718072249,5855.468684881725,0.0,0.0,0.0,-1.0,0.0,0.0,0.0,0.0
2026-09-11T22:28:00+00:00,,,100.0,0.65,0.009583333333333333,1.0,,,,17.0,,,0.0,,,74825129984.0,184784531.0,8416.213873795794,5854.395146504883,0.0,0.0,0.0,-1.0,0.0,0.0,0.0,0.0
2026-09-11T22:29:00+00:00,,,100.0,0.6316666666666667,0.010327868852459017,1.0166666666666666,,,,17.0,,,0.0,,,74825060352.0,184789642.0,8424.2,5859.95,0.0,0.0,0.0,-1.0,0.0,0.0,0.0,0.0
2026-09-11T22:30:00+00:00,,,100.0,0.715,0.009733333333333333,1.0,,,,17.0,,,0.0,,,74819403776.0,184794706.0,8414.530911514748,5853.224462589568,0.0,0.0,0.0,-1.0,0.0,0.0,0.0,0.0
2026-09-11T22:31:00+00:00,,,100.0,0.6466666666666667,0.009934426229508197,1.0166666666666666,,,,17.0,,,0.0,,,74822078464.0,184799799.0,8429.516335949085,5863.647723296846,0.0,0.0,0.0,-1.0,0.0,0.0,0.0,0.0
2026-09-11T22:32:00+00:00,,,100.0,0.6233333333333333,0.010116666666666666,1.0,,,,17.0,,,0.0,,,74822737920.0,184805265.0,8428.414207103551,5862.88144072036,0.0,0.0,0.0,-1.0,0.0,0.0,0.0,0.0
2026-09-11T22:33:00+00:00,,,100.0,0.64,0.011032786885245902,1.0166666666666666,,,,17.0,,,0.0,,,74822496256.0,184810468.0,8432.326127897868,5865.602239962667,0.0,0.0,0.0,-1.0,0.0,0.0,0.0,0.0
2026-09-11T22:34:00+00:00,,,100.0,0.6366666666666666,0.009866666666666666,1.0,,,,17.0,,,0.0,,,74822586368.0,184815599.0,8424.4808160272,5860.145338177939,0.0,0.0,0.0,-1.0,0.0,0.0,0.0,0.0
2026-09-11T22:35:00+00:00,,,100.0,0.7383333333333334,0.010246153846153848,1.0833333333333333,,,,17.0,,,0.0,,,74823139328.0,184820825.0,8407.106192920472,5848.060129324712,0.0,0.0,0.0,-1.0,0.0,0.0,0.0,0.0
2026-09-11T22:36:00+00:00,,,100.0,0.6666666666666667,0.00982258064516129,1.0333333333333334,,,,17.0,,,0.0,,,74824658944.0,184825947.0,8416.073601226688,5854.2975716261935,0.0,0.0,0.0,-1.0,0.0,0.0,0.0,0.0
2026-09-11T22:37:00+00:00,,,100.0,0.6433333333333333,0.010377049180327868,1.0166666666666666,,,,17.0,,,0.0,,,74822615040.0,184830635.0,8424.4808160272,5860.145338177939,0.0,0.0,0.0,-1.0,0.0,0.0,0.0,0.0
2026-09-11T22:38:00+00:00,,,100.0,0.63,0.01015,1.0,,,,17.0,,,0.0,,,74821636096.0,184835651.0,8430.499550104976,5864.331655946946,0.0,0.0,0.0,-1.0,0.0,0.0,0.0,0.0
2026-09-11T22:39:00+00:00,,,100.0,0.6366666666666666,0.011098360655737705,1.0166666666666666,,,,17.0,,,0.0,,,74821898240.0,184840284.0,8423.63842410506,5859.559362709153,0.0,0.0,0.0,-1.0,0.0,0.0,0.0,0.0
2026-09-11T22:40:00+00:00,,,100.0,0.7183333333333333,0.010366666666666666,1.0,,,,17.0,,,0.0,,,74819719168.0,184845074.0,8417.75718072249,5855.468684881725,0.0,0.0,0.0,-1.0,0.0,0.0,0.0,0.0
2026-09-11T22:41:00+00:00,,,100.0,0.6566666666666667,0.010049180327868851,1.0166666666666666,,,,17.0,,,0.0,,,74827390976.0,184849835.0,8407.666666666666,5848.45,0.0,0.0,0.0,-1.0,0.0,0.0,0.0,0.0
2026-09-11T22:42:00+00:00,,,100.0,0.64,0.010366666666666666,1.0,,,,17.0,,,0.0,,,74821435392.0,184854735.0,8424.2,5859.95,0.0,0.0,0.0,-1.0,0.0,0.0,0.0,0.0
2026-09-11T22:43:00+00:00,,,100.0,0.6333333333333333,0.010262295081967214,1.0166666666666666,,,,17.0,,,0.0,,,74822533120.0,184859503.0,8424.902075172931,5860.438369864155,0.0,0.0,0.0,-1.0,0.0,0.0,0.0,0.0
2026-09-11T22:44:00+00:00,,,100.0,0.62,0.0098,1.0,,,,17.0,,,0.0,,,74824462336.0,184864172.0,8416.073601226688,5854.2975716261935,0.0,0.0,0.0,-1.0,0.0,0.0,0.0,0.0
2026-09-11T22:45:00+00:00,,,100.0,0.7316666666666667,0.009261538461538462,1.0833333333333333,,,,17.0,,,0.0,,,74824105984.0,184868799.0,8430.499550104976,5864.331655946946,0.0,0.0,0.0,-1.0,0.0,0.0,0.0,0.0
2026-09-11T22:46:00+00:00,,,100.0,0.6383333333333334,0.01,1.0333333333333334,,,,17.0,,,0.0,,,74826489856.0,184873449.0,8425.323376450193,5860.731430857448,0.0,0.0,0.0,-1.0,0.0,0.0,0.0,0.0
2026-09-11T22:47:00+00:00,,,100.0,0.65,0.011262295081967215,1.0166666666666666,,,,17.0,,,0.0,,,74820788224.0,184878219.0,8424.761650776718,5860.340689379292,0.0,0.0,0.0,-1.0,0.0,0.0,0.0,0.0
2026-09-11T22:48:00+00:00,,,100.0,0.6366666666666666,0.010783333333333334,1.0,,,,17.0,,,0.0,,,74821640192.0,184883255.0,8414.951588981285,5853.517089672871,0.0,0.0,0.0,-1.0,0.0,0.0,0.0,0.0
2026-09-11T22:49:00+00:00,,,100.0,0.65,0.009721311475409836,1.0166666666666666,,,,17.0,,,0.0,,,74820345856.0,184888216.0,8416.073601226688,5855.464257737629,0.0,0.0,0.0,-1.0,0.0,0.0,0.0,0.0
2026-09-11T22:50:00+00:00,,,100.0,0.725,0.00975,1.0,,,,17.0,,,0.0,,,74823143424.0,184892809.0,8430.2186083711,5864.136230338577,0.0,0.0,0.0,-1.0,0.0,0.0,0.0,0.0
2026-09-11T22:51:00+00:00,,,100.0,0.6566666666666667,0.010655737704918034,1.0166666666666666,,,,17.0,,,0.0,,,74827190272.0,184898041.0,8430.640027993935,5864.429373635712,0.0,0.0,0.0,-1.0,0.0,0.0,0.0,0.0
2026-09-11T22:52:00+00:00,,,100.0,0.6416666666666667,0.0105,1.0,,,,17.0,,,0.0,,,74821873664.0,184902921.0,8411.872602968151,5851.375687843922,0.0,0.0,0.0,-1.0,0.0,0.0,0.0,0.0
2026-09-11T22:53:00+00:00,,,100.0,0.625,0.010918032786885247,1.0166666666666666,,,,17.0,,,0.0,,,74821701632.0,184907755.0,8422.936559516073,5859.0711393291,0.0,0.0,0.0,-1.0,0.0,0.0,0.0,0.0
2026-09-11T22:54:00+00:00,,,100.0,0.6166666666666667,0.009783333333333333,1.0,,,,17.0,,,0.0,,,74821697536.0,184912762.0,8417.75718072249,5855.468684881725,0.0,0.0,0.0,-1.0,0.0,0.0,0.0,0.0
2026-09-11T22:55:00+00:00,,,100.0,0.7683333333333334,0.010061538461538462,1.0833333333333333,,,,17.0,,,0.0,,,74815950848.0,184917894.0,8429.235459740434,5863.452343268414,0.0,0.0,0.0,-1.0,0.0,0.0,0.0,0.0
2026-09-11T22:56:00+00:00,,,100.0,0.6516666666666666,0.009870967741935483,1.0333333333333334,,,,17.0,,,0.0,,,74796666880.0,184922650.0,8410.610380299771,5850.4976741859655,0.0,0.0,0.0,-1.0,0.0,0.0,0.0,0.0
2026-09-11T22:57:00+00:00,,,100.0,0.6366666666666666,0.009688524590163934,1.0166666666666666,,,,17.0,,,0.0,,,74795241472.0,184927556.0,8416.354151040885,5854.492724636232,0.0,0.0,0.0,-1.0,0.0,0.0,0.0,0.0
2026-09-11T22:58:00+00:00,,,100.0,0.6266666666666667,0.01015,0.9999666677777407,,,,17.0,,,0.0,,,74792693760.0,184932712.0,8414.671132663434,5853.322001699745,0.0,0.0,0.0,-1.0,0.0,0.0,0.0,0.0
2026-09-11T22:59:00+00:00,,,100.0,0.6316666666666667,0.009868852459016393,1.016700556685223,,,,17.0,,,0.0,,,74794905600.0,184938268.0,8425.323376450193,5860.731430857448,0.0,0.0,0.0,-1.0,0.0,0.0,0.0,0.0
2026-09-11T23:00:00+00:00,,,100.0,0.7333333333333333,0.009000000000000001,1.0,,,,17.0,,,0.0,,,74785832960.0,184945051.0,8430.359076897443,5864.233941514622,0.0,0.0,0.0,-1.0,0.0,0.0,0.0,0.0
2026-09-11T23:01:00+00:00,,,100.0,0.6783333333333332,0.009524590163934426,1.0166666666666666,,,,17.0,,,0.0,,,74791682048.0,184950410.0,8417.897509418865,5855.566298803054,0.0,0.0,0.0,-1.0,0.0,0.0,0.0,0.0
2026-09-11T23:02:00+00:00,,,100.0,0.63,0.0098,1.0,,,,17.0,,,0.0,,,74791936000.0,184954622.0,8431.342487668311,5864.918010931876,0.0,0.0,0.0,-1.0,0.0,0.0,0.0,0.0
2026-09-11T23:03:00+00:00,,,100.0,0.6266666666666667,0.009196721311475411,1.0166666666666666,,,,17.0,,,0.0,,,74792550400.0,184958854.0,8433.591145486065,5866.48219762635,0.0,0.0,0.0,-1.0,0.0,0.0,0.0,0.0
2026-09-11T23:04:00+00:00,,,100.0,0.6083333333333333,0.010116666666666666,1.0,,,,17.0,,,0.0,,,74820534272.0,184963250.0,8407.806796779947,5848.547475791263,0.0,0.0,0.0,-1.0,0.0,0.0,0.0,0.0
2026-09-11T23:05:00+00:00,,,100.0,0.7533333333333334,0.01033846153846154,1.0833152780786988,,,,17.0,,,0.0,,,74816692224.0,184967620.0,8432.045064413445,5865.406729663517,0.0,0.0,0.0,-1.0,0.0,0.0,0.0,0.0
2026-09-11T23:06:00+00:00,,,100.0,0.6433333333333333,0.011253968253968254,1.0500175002916714,,,,17.0,,,0.0,,,74808737792.0,184972813.0,8398.486590996217,5842.292114605731,0.0,0.0,0.0,-1.0,0.0,0.0,0.0,0.0
2026-09-11T23:07:00+00:00,,,100.0,0.6666666666666667,0.009836065573770491,1.016649722504625,,,,17.0,,,0.0,,,74813984768.0,184978875.0,8400.266666666666,5842.7,0.0,0.0,0.0,-1.0,0.0,0.0,0.0,0.0
2026-09-11T23:08:00+00:00,,,100.0,0.6316666666666667,0.010866666666666667,1.000016666944449,,,,17.0,,,0.0,,,74813792256.0,184984917.0,8416.213873795794,5854.395146504883,0.0,0.0,0.0,-1.0,0.0,0.0,0.0,0.0
2026-09-11T23:09:00+00:00,,,100.0,0.6433333333333333,0.010426229508196721,1.0166666666666666,,,,17.0,,,0.0,,,74808922112.0,184990719.0,8423.498041829847,5859.46171152404,0.0,0.0,0.0,-1.0,0.0,0.0,0.0,0.0
2026-09-11T23:10:00+00:00,,,100.0,0.74,0.009967741935483871,1.0333333333333334,,,,17.0,,,0.0,,,74811858944.0,184996323.0,8415.652811572947,5854.00486650445,0.0,0.0,0.0,-1.0,0.0,0.0,0.0,0.0
2026-09-11T23:11:00+00:00,,,100.0,0.6666666666666667,0.010442622950819672,1.0166666666666666,,,,17.0,,,0.0,,,74810859520.0,185002221.0,8424.2,5859.95,0.0,0.0,0.0,-1.0,0.0,0.0,0.0,0.0
2026-09-11T23:12:00+00:00,,,100.0,0.6416666666666667,0.00985,1.0,,,,17.0,,,0.0,,,74809384960.0,185007947.0,8422.936559516073,5859.0711393291,0.0,0.0,0.0,-1.0,0.0,0.0,0.0,0.0
2026-09-11T23:13:00+00:00,,,100.0,0.625,0.00962295081967213,1.016649722504625,,,,17.0,,,0.0,,,74809810944.0,185013163.0,8433.872312052008,5866.677779629938,0.0,0.0,0.0,-1.0,0.0,0.0,0.0,0.0
2026-09-11T23:14:00+00:00,,,100.0,0.6416666666666667,0.010616666666666667,1.000016666944449,,,,17.0,,,0.0,,,74809344000.0,185018132.0,8424.761650776718,5860.340689379292,0.0,0.0,0.0,-1.0,0.0,0.0,0.0,0.0
2026-09-11T23:15:00+00:00,,,100.0,0.74,0.010646153846153845,1.0833333333333333,,,,17.0,,,0.0,,,74811846656.0,185023067.0,8430.640027993935,5864.429373635712,0.0,0.0,0.0,-1.0,0.0,0.0,0.0,0.0
2026-09-11T23:16:00+00:00,,,100.0,0.6333333333333333,0.009935483870967743,1.0333333333333334,,,,17.0,,,0.0,,,74805731328.0,185027976.0,8425.604267377896,5860.926821136856,0.0,0.0,0.0,-1.0,0.0,0.0,0.0,0.0
2026-09-11T23:17:00+00:00,,,100.0,0.6416666666666667,0.00922950819672131,1.016649722504625,,,,17.0,,,0.0,,,74806849536.0,185033057.0,8424.902075172931,5860.438369864155,0.0,0.0,0.0,-1.0,0.0,0.0,0.0,0.0
2026-09-11T23:18:00+00:00,,,100.0,0.6216666666666666,0.010183333333333332,1.000016666944449,,,,17.0,,,0.0,,,74806865920.0,185038234.0,8423.919202693243,5859.754674844172,0.0,0.0,0.0,-1.0,0.0,0.0,0.0,0.0
2026-09-11T23:19:00+00:00,,,100.0,0.6416666666666667,0.009885245901639344,1.016649722504625,,,,17.0,,,0.0,,,74807578624.0,185043471.0,8407.946931564386,5848.644954831828,0.0,0.0,0.0,-1.0,0.0,0.0,0.0,0.0
2026-09-11T23:20:00+00:00,,,100.0,0.705,0.009566666666666666,1.000016666944449,,,,17.0,,,0.0,,,74809389056.0,185048275.0,8406.685886646557,5847.76776042795,0.0,0.0,0.0,-1.0,0.0,0.0,0.0,0.0
2026-09-11T23:21:00+00:00,,,100.0,0.635,0.00963934426229508,1.0166666666666666,,,,17.0,,,0.0,,,74806788096.0,185053326.0,8416.494432962198,5854.590306020401,0.0,0.0,0.0,-1.0,0.0,0.0,0.0,0.0
2026-09-11T23:22:00+00:00,,,100.0,0.6216666666666666,0.0101,1.0,,,,17.0,,,0.0,,,74807877632.0,185058527.0,8423.217291316014,5859.266418917793,0.0,0.0,0.0,-1.0,0.0,0.0,0.0,0.0
2026-09-11T23:23:00+00:00,,,100.0,0.6433333333333333,0.01,1.0166666666666666,,,,17.0,,,0.0,,,74807169024.0,185063377.0,8417.19591272024,5855.078261739261,0.0,0.0,0.0,-1.0,0.0,0.0,0.0,0.0
2026-09-11T23:24:00+00:00,,,100.0,0.6516666666666666,0.010283333333333334,1.0,,,,17.0,,,0.0,,,74814627840.0,185068667.0,8423.217291316014,5859.266418917793,0.0,0.0,0.0,-1.0,0.0,0.0,0.0,0.0
2026-09-11T23:25:00+00:00,,,100.0,0.7133333333333334,0.009984615384615385,1.0833333333333333,,,,17.0,,,0.0,,,74808147968.0,185073969.0,8424.902075172931,5860.438369864155,0.0,0.0,0.0,-1.0,0.0,0.0,0.0,0.0
2026-09-11T23:26:00+00:00,,,100.0,0.6233333333333333,0.010548387096774194,1.0333333333333334,,,,17.0,,,0.0,,,74807734272.0,185079196.0,8432.747758258609,5865.895529850995,0.0,0.0,0.0,-1.0,0.0,0.0,0.0,0.0
2026-09-11T23:27:00+00:00,,,100.0,0.6583333333333333,0.009950819672131147,1.0166666666666666,,,,17.0,,,0.0,,,74805342208.0,185084163.0,8431.342487668311,5864.918010931876,0.0,0.0,0.0,-1.0,0.0,0.0,0.0,0.0
2026-09-11T23:28:00+00:00,,,100.0,0.6283333333333333,0.00855,1.0,,,,17.0,,,0.0,,,74805354496.0,185089608.0,8415.372308512766,5853.809746016932,0.0,0.0,0.0,-1.0,0.0,0.0,0.0,0.0
2026-09-11T23:29:00+00:00,,,100.0,0.6433333333333333,0.009655737704918033,1.0166666666666666,,,,17.0,,,0.0,,,74808324096.0,185095465.0,8431.764019665028,5865.211232397301,0.0,0.0,0.0,-1.0,0.0,0.0,0.0,0.0
2026-09-11T23:30:00+00:00,,,100.0,0.7016666666666667,0.009533333333333333,1.0,,,,17.0,,,0.0,,,74804645888.0,185100928.0,8417.75718072249,5855.468684881725,0.0,0.0,0.0,-1.0,0.0,0.0,0.0,0.0
2026-09-11T23:31:00+00:00,,,100.0,0.5983333333333334,0.009491803278688524,1.0166666666666666,,,,17.0,,,0.0,,,74801385472.0,185105368.0,8416.775010834417,5854.785478547855,0.0,0.0,0.0,-1.0,0.0,0.0,0.0,0.0
2026-09-11T23:32:00+00:00,,,100.0,0.6133333333333334,0.00975,1.0,,,,17.0,,,0.0,,,74802393088.0,185109691.0,8422.796200633227,5858.973504415931,0.0,0.0,0.0,-1.0,0.0,0.0,0.0,0.0
2026-09-11T23:33:00+00:00,,,100.0,0.6316666666666667,0.00998360655737705,1.0166666666666666,,,,17.0,,,0.0,,,74801418240.0,185114837.0,8417.336222703783,5855.175862643774,0.0,0.0,0.0,-1.0,0.0,0.0,0.0,0.0
2026-09-11T23:34:00+00:00,,,100.0,0.6116666666666667,0.009250000000000001,0.9999833336111065,,,,17.0,,,0.0,,,74821214208.0,185120691.0,8406.966086159488,5847.962669777518,0.0,0.0,0.0,-1.0,0.0,0.0,0.0,0.0
2026-09-11T23:35:00+00:00,,,100.0,0.7083333333333333,0.009630769230769231,1.0833513891898199,,,,17.0,,,0.0,,,74814316544.0,185126396.0,8415.232063994667,5853.712190650779,0.0,0.0,0.0,-1.0,0.0,0.0,0.0,0.0
2026-09-11T23:36:00+00:00,,,100.0,0.6383333333333334,0.009532258064516129,1.0333333333333334,,,,17.0,,,0.0,,,74813521920.0,185131760.0,8433.73172642563,5866.57998699805,0.0,0.0,0.0,-1.0,0.0,0.0,0.0,0.0
2026-09-11T23:37:00+00:00,,,100.0,0.67,0.011065573770491804,1.016649722504625,,,,17.0,,,0.0,,,74817372160.0,185137691.0,8421.252561603438,5857.8997350927175,0.0,0.0,0.0,-1.0,0.0,0.0,0.0,0.0
2026-09-11T23:38:00+00:00,,,100.0,0.6466666666666667,0.010716666666666668,1.000016666944449,,,,17.0,,,0.0,,,74814234624.0,185143227.0,8408.087071020218,5848.742437121856,0.0,0.0,0.0,-1.0,0.0,0.0,0.0,0.0
2026-09-11T23:39:00+00:00,,,100.0,0.6316666666666667,0.008852459016393444,1.0166666666666666,,,,17.0,,,0.0,,,74820571136.0,185148911.0,8426.868508360982,5861.806238642237,0.0,0.0,0.0,-1.0,0.0,0.0,0.0,0.0
2026-09-11T23:40:00+00:00,,,100.0,0.7366666666666666,0.008633333333333333,1.0,,,,17.0,,,0.0,,,74811424768.0,185154105.0,8421.673497950615,5858.192542237329,0.0,0.0,0.0,-1.0,0.0,0.0,0.0,0.0
2026-09-11T23:41:00+00:00,,,100.0,0.66,0.008508196721311475,1.0166666666666666,,,,17.0,,,0.0,,,74808164352.0,185159664.0,8434.856542687095,5867.36241935215,0.0,0.0,0.0,-1.0,0.0,0.0,0.0,0.0
2026-09-11T23:42:00+00:00,,,100.0,0.62,0.009083333333333334,1.0,,,,17.0,,,0.0,,,74793545728.0,185164949.0,8407.526541224313,5848.352527457876,0.0,0.0,0.0,-1.0,0.0,0.0,0.0,0.0
2026-09-11T23:43:00+00:00,,,100.0,0.6366666666666666,0.010721311475409837,1.016649722504625,,,,17.0,,,0.0,,,74797158400.0,185170805.0,8423.076923076924,5859.168777496334,0.0,0.0,0.0,-1.0,0.0,0.0,0.0,0.0
2026-09-11T23:44:00+00:00,,,100.0,0.625,0.008316666666666667,0.9999833336111065,,,,17.0,,,0.0,,,74793971712.0,185176200.0,8433.309997666433,5866.286628662866,0.0,0.0,0.0,-1.0,0.0,0.0,0.0,0.0
2026-09-11T23:45:00+00:00,,,100.0,0.7116666666666667,0.010138461538461539,1.0833694456481884,,,,17.0,,,0.0,,,74794299392.0,185181273.0,8432.747758258609,5865.895529850995,0.0,0.0,0.0,-1.0,0.0,0.0,0.0,0.0
2026-09-11T23:46:00+00:00,,,100.0,0.635,0.009403225806451612,1.0333333333333334,,,,17.0,,,0.0,,,74793324544.0,185186423.0,8422.234811877228,5858.58299730063,0.0,0.0,0.0,-1.0,0.0,0.0,0.0,0.0
2026-09-11T23:47:00+00:00,,,100.0,0.6583333333333333,0.009557377049180327,1.0166666666666666,,,,17.0,,,0.0,,,74795700224.0,185192080.0,8417.897509418865,5855.566298803054,0.0,0.0,0.0,-1.0,0.0,0.0,0.0,0.0
2026-09-11T23:48:00+00:00,,,100.0,0.645,0.010383333333333333,1.0,,,,17.0,,,0.0,,,74798837760.0,185197490.0,8415.326411226479,5853.402443292612,0.0,0.0,0.0,-1.0,0.0,0.0,0.0,0.0
2026-09-11T23:49:00+00:00,,,100.0,0.6166666666666667,0.009491803278688524,1.0166666666666666,,,,17.0,,,0.0,,,74798256128.0,185203030.0,8407.806796779947,5848.547475791263,0.0,0.0,0.0,-1.0,0.0,0.0,0.0,0.0
2026-09-11T23:50:00+00:00,,,100.0,0.7116666666666667,0.009966666666666667,1.0,,,,17.0,,,0.0,,,74794217472.0,185208275.0,8424.340405673427,5861.21435357256,0.0,0.0,0.0,-1.0,0.0,0.0,0.0,0.0
2026-09-11T23:51:00+00:00,,,100.0,0.62,0.009721311475409836,1.0166666666666666,,,,17.0,,,0.0,,,74794172416.0,185213432.0,8415.793070115498,5854.102431626139,0.0,0.0,0.0,-1.0,0.0,0.0,0.0,0.0
2026-09-11T23:52:00+00:00,,,100.0,0.6183333333333333,0.010883333333333333,1.0,,,,17.0,,,0.0,,,74794901504.0,185217796.0,8424.2,5859.95,0.0,0.0,0.0,-1.0,0.0,0.0,0.0,0.0
2026-09-11T23:53:00+00:00,,,100.0,0.59,0.010885245901639345,1.0166666666666666,,,,17.0,,,0.0,,,74794954752.0,185221824.0,8422.51549690062,5858.77824435113,0.0,0.0,0.0,-1.0,0.0,0.0,0.0,0.0
2026-09-11T23:54:00+00:00,,,100.0,0.595,0.009183333333333333,1.0,,,,17.0,,,0.0,,,74795057152.0,185226664.0,8417.75718072249,5855.468684881725,0.0,0.0,0.0,-1.0,0.0,0.0,0.0,0.0
2026-09-11T23:55:00+00:00,,,100.0,0.7183333333333333,0.009606060606060606,1.099981666972217,,,,17.0,,,0.0,,,74793181184.0,185230624.0,8412.007729726129,5851.469314319984,0.0,0.0,0.0,-1.0,0.0,0.0,0.0,0.0
2026-09-11T23:56:00+00:00,,,100.0,0.6383333333333334,0.00885483870967742,1.0333505558425973,,,,17.0,,,0.0,,,74791219200.0,185235166.0,8434.15349736614,5866.873374674935,0.0,0.0,0.0,-1.0,0.0,0.0,0.0,0.0
2026-09-11T23:57:00+00:00,,,100.0,0.66,0.009311475409836064,1.0166666666666666,,,,17.0,,,0.0,,,74792968192.0,185239749.0,8426.1661054246,5861.31764078285,0.0,0.0,0.0,-1.0,0.0,0.0,0.0,0.0
2026-09-11T23:58:00+00:00,,,100.0,0.6216666666666666,0.009616666666666666,1.0,,,,17.0,,,0.0,,,74792906752.0,185245405.0,8406.545793894147,5847.67031062525,0.0,0.0,0.0,-1.0,0.0,0.0,0.0,0.0
2026-09-11T23:59:00+00:00,,,100.0,0.6183333333333333,0.00922950819672131,1.016649722504625,,,,17.0,,,0.0,,,74788704256.0,185252201.0,8398.42018431183,5842.018431183029,0.0,0.0,0.0,-1.0,0.0,0.0,0.0,0.0
2026-09-12T00:00:00+00:00,,,100.0,0.6799999999999999,0.009366666666666667,1.000016666944449,,,,17.0,,,0.0,,,74789765120.0,185260075.0,8422.51549690062,5858.77824435113,0.0,0.0,0.0,-1.0,0.0,0.0,0.0,0.0
2026-09-12T00:01:00+00:00,,,100.0,0.5616666666666666,0.009344262295081967,1.016649722504625,,,,17.0,,,0.0,,,74785927168.0,185265622.0,8309.851641940324,5780.413402233706,0.0,0.0,0.0,-1.0,0.0,0.0,0.0,0.0
2026-09-12T00:02:00+00:00,,,100.0,0.5083333333333333,0.00955,1.000016666944449,,,,17.0,,,0.0,,,74789093376.0,185271872.0,8365.915037581453,5819.409029548523,0.0,0.0,0.0,-1.0,0.0,0.0,0.0,0.0
2026-09-12T00:03:00+00:00,,,100.0,0.5116666666666667,0.009721311475409836,1.0166666666666666,,,,17.0,,,0.0,,,74786594816.0,185276679.0,8377.392464154718,5827.392464154718,0.0,0.0,0.0,-1.0,0.0,0.0,0.0,0.0
2026-09-12T00:04:00+00:00,,,100.0,0.4733333333333333,0.009316666666666668,1.0,,,,17.0,,,0.0,,,74811691008.0,185277765.0,8273.74525094981,5755.298940211957,0.0,0.0,0.0,-1.0,0.0,0.0,0.0,0.0
2026-09-12T00:05:00+00:00,,,100.0,0.5966666666666667,0.009707692307692308,1.0833333333333333,,,,17.0,,,0.0,,,74813235200.0,185278246.0,8292.762609594292,5768.526852685269,0.0,0.0,0.0,-1.0,0.0,0.0,0.0,0.0
2026-09-12T00:06:00+00:00,,,100.0,0.5133333333333333,0.010112903225806451,1.0333333333333334,,,,17.0,,,0.0,,,74803970048.0,185278868.0,8256.664889362837,5743.418421754199,0.0,0.0,0.0,-1.0,0.0,0.0,0.0,0.0
2026-09-12T00:07:00+00:00,,,100.0,0.5333333333333333,0.009081967213114755,1.0166666666666666,,,,17.0,,,0.0,,,74806931456.0,185279678.0,8352.584194731577,5810.136712237412,0.0,0.0,0.0,-1.0,0.0,0.0,0.0,0.0
2026-09-12T00:08:00+00:00,,,100.0,0.5183333333333333,0.01,1.0,,,,17.0,,,0.0,,,74802307072.0,185279809.0,8266.719997333466,5750.412479376031,0.0,0.0,0.0,-1.0,0.0,0.0,0.0,0.0
2026-09-12T00:09:00+00:00,,,100.0,0.49,0.010180327868852458,1.0166666666666666,,,,17.0,,,0.0,,,74806824960.0,185279875.0,8367.309519443936,5820.379044221826,0.0,0.0,0.0,-1.0,0.0,0.0,0.0,0.0
2026-09-12T00:10:00+00:00,,,100.0,0.6,0.009716666666666667,1.0,,,,17.0,,,0.0,,,74800869376.0,185280200.0,8291.795136747722,5767.853869102181,0.0,0.0,0.0,-1.0,0.0,0.0,0.0,0.0
2026-09-12T00:11:00+00:00,,,100.0,0.5116666666666667,0.010426229508196721,1.0166666666666666,,,,17.0,,,0.0,,,74784919552.0,185280461.0,8349.8,5808.2,0.0,0.0,0.0,-1.0,0.0,0.0,0.0,0.0
2026-09-12T00:12:00+00:00,,,100.0,0.4833333333333334,0.00985,1.0,,,,17.0,,,0.0,,,74803142656.0,185280646.0,8250.737512291871,5739.295654927582,0.0,0.0,0.0,-1.0,0.0,0.0,0.0,0.0
2026-09-12T00:13:00+00:00,,,100.0,0.495,0.009344262295081967,1.0166666666666666,,,,17.0,,,0.0,,,74810068992.0,185280742.0,8333.127781203646,5796.603389943501,0.0,0.0,0.0,-1.0,0.0,0.0,0.0,0.0
2026-09-12T00:14:00+00:00,,,100.0,0.4816666666666667,0.009516666666666666,1.0,,,,17.0,,,0.0,,,74803630080.0,185281175.0,8313.823495110044,5783.1758884390465,0.0,0.0,0.0,-1.0,0.0,0.0,0.0,0.0
2026-09-12T00:15:00+00:00,,,0.0,12.818333333333333,0.0,0.0,,,,1162.0,,,,,,73170235392.0,185283734.0,56773.10631807557,95845.93577479733,,,,-1.0,0.0,,,
2026-09-12T00:16:00+00:00,,,99.99942598233864,15.318333333333333,0.0878240181341427,1737.1275069242834,,,,1808.0,,,0.0,,,69931704320.0,185288710.0,774145.2495329597,1054176.8915132105,28.24020016680567,0.0009833679155345542,231343.71976647206,-1.0,0.0,872.6438698915763,0.0005497857528624678,221637.6647206005
2026-09-12T00:17:00+00:00,,,99.9997536389119,14.711666666666668,0.07697847310787634,1516.261856735626,,,,1812.0,,,0.0,,,69912870912.0,185292457.0,649569.4611177804,898911.1311191143,12.805122048819527,0.0009181501770833333,104899.55982392957,-1.0,0.0,625.4668534080299,0.0005669362098205956,155708.70014672534
2026-09-12T00:18:00+00:00,,,99.99981721307338,14.706666666666669,0.06630796030163423,1454.3,,,,1814.0,,,0.0,,,69860589568.0,185295471.0,629268.700738198,885959.557414474,9.89884513473428,0.0009271695353535354,81091.33934374322,-1.0,0.0,506.74088023063973,0.0005725117184293606,126903.17796257103
2026-09-12T00:19:00+00:00,,,99.99984666922977,14.67333333333333,0.06284349177120496,1447.7082257285194,,,,1819.0,,,0.0,,,69639012352.0,185298336.0,628900.9432390095,883746.8419824684,8.1991800819918,0.0009422644166666666,67167.68323167683,-1.0,0.0,476.8523147685232,0.0005669359909834347,117345.59877345599
2026-09-12T00:20:00+00:00,,,99.99988542869669,14.821666666666665,0.06093391558187277,1404.7039605280704,,,,1819.0,,,0.0,,,69618233344.0,185300984.0,608333.5944662056,863168.6807233936,6.166666666666667,0.0009317061486486486,50517.333333333336,-1.0,0.0,432.8833333333333,0.0005725206390867439,105817.05
2026-09-12T00:21:00+00:00,,,99.99969991798217,14.526666666666666,0.060314182041675046,1409.646784405198,,,,1819.0,,,0.0,,,69596717056.0,185303601.0,608341.863681045,859927.5586877926,15.944419453191383,0.0008902466812957158,130616.68416054381,-1.0,0.0,440.69575648523016,0.000552780120033269,108378.18430216091
2026-09-12T00:22:00+00:00,,,99.9999273383626,14.333333333333334,0.05755693279573109,1393.667044620823,,,,1817.0,,,0.0,,,69584154624.0,185306070.0,608353.4344781594,862293.2477492498,3.801583993330554,0.0009349878026315789,31142.5760733639,-1.0,0.0,408.8036681950813,0.0005704093982788155,98537.10712796998
2026-09-12T00:23:00+00:00,,,99.99992702143791,14.538333333333334,0.05706592698639942,1396.6973822338493,,,,1816.0,,,0.0,,,69576048640.0,185308576.0,607136.759262347,863615.2332677493,4.085103544869443,0.0009022232653061225,33465.16823957048,-1.0,0.0,409.09394070764,0.0005697841086610964,99561.64337879748
2026-09-12T00:24:00+00:00,,,99.99992889576524,14.446666666666665,0.05483699540729997,1378.9310534473277,,,,1815.0,,,0.0,,,69598965760.0,185310886.0,602171.2733876477,860201.1629263092,3.782072642452516,0.000945801704845815,30982.73908697101,-1.0,0.0,380.3898700433189,0.0005670903291139241,91200.86637787404
2026-09-12T00:25:00+00:00,,,99.99993920716878,14.655,0.05757506585769969,1398.3331944328695,,,,1813.0,,,0.0,,,69598699520.0,185313361.0,608858.67772725,861006.862892076,3.164925957390102,0.0009298034157894737,25927.073442939716,-1.0,0.0,404.6607699098829,0.0005829520820400938,98098.44585477987
2026-09-12T00:26:00+00:00,,,99.99994109172505,14.646666666666665,0.054576210371690366,1383.5479518232853,,,,1814.0,,,0.0,,,69591027712.0,185315633.0,602862.6413961094,863969.7353932397,3.2032566442549926,0.000917058984375,26241.0784297369,-1.0,0.0,372.3118503812209,0.0005737567700752823,90920.55256177114
2026-09-12T00:27:00+00:00,,,99.99993816403877,14.616666666666665,0.056038673899061975,1373.839254455429,,,,1814.0,,,0.0,,,69582921728.0,185317933.0,595812.6270875696,850860.7786926231,3.1834925079587313,0.0008959026020942409,26079.170625197927,-1.0,0.0,371.85192592962983,0.0005859460874047512,90905.31193226328
2026-09-12T00:28:00+00:00,,,99.99994040310987,14.665,0.05465352062163777,1394.6315438479494,,,,1813.0,,,0.0,,,69576626176.0,185320238.0,612104.251737529,872257.3709561826,3.300055000916682,0.0009269466414141414,27034.050567509457,-1.0,0.0,379.5063251054184,0.0005751950839701361,91258.43764062734
2026-09-12T00:29:00+00:00,,,99.99994535635427,14.568333333333333,0.054565897380071116,1378.1756351270253,,,,1813.0,,,0.0,,,69572435968.0,185322490.0,598973.9450580572,857738.7842137704,2.965332267146451,0.0009387293314606741,24292.001932463725,-1.0,0.0,365.0523930897763,0.0005886180099027974,87960.36783447448
2026-09-12T00:30:00+00:00,,,99.99994294457608,14.763333333333334,0.051444621136711256,1372.669254994751,,,,1812.0,,,0.0,,,69568643072.0,185324600.0,597447.6465097673,859378.608573905,3.083487507708719,0.0009220051405405405,25259.929663149826,-1.0,0.0,345.2672633631682,0.0005640645522085446,83034.38505258596
2026-09-12T00:31:00+00:00,,,99.99994528734628,15.191666666666668,0.05427456413110549,1377.5166666666667,,,,1810.0,,,0.0,,,69564383232.0,185326797.0,604218.1915088525,860083.9787471477,2.9148206136113797,0.00092638012,23878.210466704422,-1.0,0.0,361.48772444118725,0.0005699471389669632,87827.35933908525
2026-09-12T00:32:00+00:00,,,99.99994637051256,15.168333333333335,0.05655612238773722,1388.2982269030795,,,,1809.0,,,0.0,,,69563183104.0,185329092.0,604767.5135874095,860539.3618085425,2.9174932897654333,0.0009389036057142857,23900.10502975843,-1.0,0.0,374.6561525765634,0.0005712930400925555,90621.30937098844
2026-09-12T00:33:00+00:00,,,99.99995172562696,14.93666666666667,0.054500558042411225,1388.3668232863474,,,,1807.0,,,0.0,,,69563879424.0,185331311.0,603061.0376398779,862765.8222570585,2.601604322665644,0.0009559153269230769,21312.342611276956,-1.0,0.0,358.9880426262862,0.0005830063383814922,85855.36080583026
2026-09-12T00:34:00+00:00,,,99.99994797390521,14.751666666666665,0.053993495895349686,1369.0511922627982,,,,1807.0,,,0.0,,,69605199872.0,185333502.0,602098.5887331923,858719.312861356,2.815868837162804,0.000946359698224852,23067.59751403769,-1.0,0.0,354.6661779162571,0.0005749307556140186,85621.92378826
2026-09-12T00:35:00+00:00,,,99.99995186540251,15.04,0.051614139590854397,1384.4462215113954,,,,1805.0,,,0.0,,,69608439808.0,185335610.0,603030.6323122563,866201.8432718909,2.666577780740642,0.0009436155812499999,21844.60517982734,-1.0,0.0,345.7551414952835,0.0005644087462161381,83176.26079130695
2026-09-12T00:36:00+00:00,,,99.99994089941539,14.68,0.056384893487522826,1369.623207735912,,,,1805.0,,,0.0,,,69591281664.0,185337917.0,599383.552971361,851792.8627359512,3.065542634367399,0.0009421758532608696,25112.92526073773,-1.0,0.0,374.97917430275567,0.0005764573406051451,92089.36723201493
2026-09-12T00:37:00+00:00,,,99.99995466934303,15.106666666666666,0.0549486937091784,1357.3297338732523,,,,1805.0,,,0.0,,,69586395136.0,185340082.0,594931.5434003168,848876.828149754,2.418036887569623,0.0009682111517241379,19808.55818297035,-1.0,0.0,355.90167761731647,0.0005756298059694498,85219.07414201381
2026-09-12T00:38:00+00:00,,,99.99995203809401,14.709999999999999,0.05313970004033688,1363.6984931324178,,,,1803.0,,,0.0,,,69583949824.0,185342139.0,595303.5851131177,854145.4369773099,2.5822573927530197,0.0009397079161290324,21153.852561432737,-1.0,0.0,331.4119117034569,0.0005853984834866536,79601.21615993336
2026-09-12T00:39:00+00:00,,,99.99991742082568,3.76,0.05166486117210755,1366.2455415180507,,,,1803.0,,,0.0,,,69580382208.0,185344279.0,596028.5814337408,853624.7561239974,2.668000667000167,0.0009194249937499999,21856.261464065366,-1.0,0.0,347.67383691845924,0.0005728164716546762,83532.2828080707
2026-09-12T00:40:00+00:00,,,99.9994876252605,3.1483333333333334,0.04975392259093418,1358.6739115941061,,,,1803.0,,,0.0,,,69583794176.0,185346388.0,597644.6436605402,852491.5768250213,2.4661734319802706,0.0009565021756756756,20202.892754782377,-1.0,0.0,342.3481970272612,0.0005734902241908006,82000.533226688
2026-09-12T00:41:00+00:00,,,99.99949870968233,3.0983333333333336,0.05354781985012243,1347.6543621364885,,,,1803.0,,,0.0,,,69572468736.0,185348644.0,591606.8172347696,841600.3166930578,2.333527793982832,0.0008968471428571428,19116.25968830736,-1.0,0.0,365.41378448204017,0.0005821564564156366,87440.85340445038
2026-09-12T00:42:00+00:00,,,99.99948452579991,3.035,0.05085330972154372,1364.5756949536699,,,,1802.0,,,0.0,,,69570441216.0,185350800.0,596163.7718362449,852982.0142685692,2.3836511534871314,0.000886788944055944,19526.87024936658,-1.0,0.0,349.2799039871983,0.0005708847836212656,83579.59394585945
2026-09-12T00:43:00+00:00,,,99.99944118572938,3.085,0.050991814326165716,1347.8833333333334,,,,1803.0,,,0.0,,,69564051456.0,185352969.0,593870.8704706372,846918.4339858392,2.598873821344084,0.0009093164615384616,21289.974344450737,-1.0,0.0,352.51391063872325,0.0005695281372873346,84518.59194349115
2026-09-12T00:44:00+00:00,,,99.99953906841694,2.9916666666666667,0.05145925843004092,1340.061671805984,,,,1803.0,,,0.0,,,69560156160.0,185355159.0,586062.3655913979,838211.3528382096,2.1839157108562284,0.0008945937633587786,17890.637503334223,-1.0,0.0,354.6612429981328,0.0005687562967001974,85064.38383568951
2026-09-12T00:45:00+00:00,,,99.99956484383496,3.2300000000000004,0.0485666817815397,1322.670931627349,,,,1803.0,,,0.0,,,69566144512.0,185357156.0,578319.6185649507,830579.0544145105,1.9171459531549555,0.0009305864173913044,15705.259648245396,-1.0,0.0,321.2469784112695,0.0005698666565646082,78466.80003334167
2026-09-12T00:46:00+00:00,,,99.99948459218768,3.01,0.05177742098827946,1350.0908742267354,,,,1803.0,,,0.0,,,69550964736.0,185359353.0,593668.6213100553,844400.4131405344,2.448897995901844,0.0009138818639455781,20061.372382427908,-1.0,0.0,353.32433738151167,0.0005615828826913104,84052.42640811634
2026-09-12T00:47:00+00:00,,,99.99956183999905,3.025,0.04989066879258586,1337.8272534870932,,,,1803.0,,,0.0,,,69545209856.0,185361431.0,587429.2643896585,842966.7116734177,2.05030754613192,0.0009348089512195122,16796.119417912687,-1.0,0.0,338.66746678668466,0.000562886898902397,83045.52349519095
2026-09-12T00:48:00+00:00,,,99.9995291041494,3.0733333333333337,0.04780406656656657,1331.977800369994,,,,1805.0,,,0.0,,,69536845824.0,185363382.0,583542.4794104898,841024.440665533,2.1504300860172036,0.0009134006976744186,17616.323264652932,-1.0,0.0,315.8298326331933,0.0005788230956402406,75376.44195505767
2026-09-12T00:49:00+00:00,,,99.99951254478276,3.1649999999999996,0.05050066734614638,1373.760272031737,,,,1805.0,,,0.0,,,69531721728.0,185365559.0,604828.261123049,864302.5336065164,2.3487473347547976,0.0009055066737588653,19240.9381663113,-1.0,0.0,361.6904317697228,0.0005657202837931193,85978.01172707889
2026-09-12T00:50:00+00:00,,,99.99952210713086,3.215,0.05101191412156032,1377.4804645195688,,,,1805.0,,,0.0,,,69533229056.0,185367762.0,598517.3868106955,859536.3739414549,2.283942384635903,0.0009149141605839416,18710.056014937316,-1.0,0.0,353.36089623899704,0.0005689877508963956,85337.82341957855
2026-09-12T00:51:00+00:00,,,99.9994924910348,3.1133333333333333,0.050807778700131846,1365.2666666666667,,,,1805.0,,,0.0,,,69525590016.0,185369923.0,595656.3447885071,854693.2768907703,2.3499216692776908,0.0009224764680851065,19250.558314722843,-1.0,0.0,347.15509483017235,0.0005668454840134421,83282.15726142463
2026-09-12T00:52:00+00:00,,,99.99950825937181,2.995,0.05066494578610152,1352.6666666666667,,,,1805.0,,,0.0,,,69524152320.0,185372061.0,594599.7465695183,849880.254097404,2.2842470321461916,0.000914428299270073,18712.5516873416,-1.0,0.0,349.6231826063759,0.0005534552780294721,84362.21155128718
2026-09-12T00:53:00+00:00,,,99.9995467284753,3.035,0.04933660498793242,1346.9425180048013,,,,1804.0,,,0.0,,,69522497536.0,185374118.0,589614.2914264769,847798.6571590417,2.115855588691002,0.0009190246377952756,17333.08898255669,-1.0,0.0,333.8886760075304,0.0005768257067012624,81310.5309631308
2026-09-12T00:54:00+00:00,,,99.9995446547088,3.046666666666667,0.04882810944035053,1339.0226015067672,,,,1804.0,,,4.0,,,69517783040.0,185376160.0,584148.9904463377,840746.1026726912,2.167533680138722,0.0009047785,17756.43590769641,-1.0,0.0,327.9144991329865,0.000572593960492195,78969.65452847806
2026-09-12T00:55:00+00:00,,,99.99954722346106,3.1766666666666663,0.0511895527666996,1366.2767446510697,,,,1804.0,,,0.0,,,69518716928.0,185378364.0,601486.3230492437,858862.2975944559,2.065668260340835,0.0009110596290322581,16921.95438871212,-1.0,0.0,354.26210664845325,0.0005815589345434025,86309.65033567109
2026-09-12T00:56:00+00:00,,,99.99960882995136,3.056666666666666,0.04750977156895098,1363.8318442458994,,,,1804.0,,,0.0,,,69509074944.0,185380352.0,595015.4043645699,857564.643315606,1.8838985028841986,0.000952087628318584,15432.896535627355,-1.0,0.0,319.8126104498016,0.0005791275014856905,76342.3193624754
2026-09-12T00:57:00+00:00,,,99.99954638126711,3.1333333333333333,0.05095311911101384,1370.3932022659112,,,,1804.0,,,0.0,,,69510709248.0,185382536.0,600276.5932618733,856208.4451631187,2.200476769966826,0.0008770084090909091,18026.30569956824,-1.0,0.0,357.2273992698418,0.0005719653634793971,86675.72974144398
2026-09-12T00:58:00+00:00,,,99.99954995775883,3.058333333333333,0.048460705790981023,1373.1482561530386,,,,1803.0,,,0.0,,,69508771840.0,185384563.0,601414.7833333333,867330.4,2.1166666666666667,0.0009057698188976377,17339.733333333334,-1.0,0.0,327.1333333333333,0.0005794663089464031,79382.05
2026-09-12T00:59:00+00:00,,,99.99956405422238,3.106666666666667,0.04944294292487455,1385.0166666666667,,,,1804.0,,,0.0,,,69489065984.0,185386669.0,602593.9364645488,866916.1972065736,2.100070002333411,0.0009344176269841269,17203.773459115302,-1.0,0.0,335.6945231507717,0.0005892795527034407,80156.20520684023
