metric,peak,average,points
ActiveTransactions,N/A,N/A,0
BlockedTransactions,N/A,N/A,0
BufferCacheHitRatio,100.000,100.000,121
CPUUtilization,0.882,0.588,121
CommitLatency,0.011,0.010,121
CommitThroughput,218385.964,1805.855,121
DBLoad,N/A,N/A,0
DBLoadCPU,N/A,N/A,0
DBLoadNonCPU,N/A,N/A,0
DatabaseConnections,17.000,17.000,121
DeadlocksActive,N/A,N/A,0
DeadlocksAvgDuration,N/A,N/A,0
DiskQueueDepth,0.000,0.000,121
EBSByteBalance%,N/A,N/A,0
EBSIOBalance%,N/A,N/A,0
FreeableMemory,74792701952.000,74768906967.802,121
MaximumUsedTransactionIDs,185325557.000,185092376.190,121
NetworkReceiveThroughput,8434.716,8407.574,121
NetworkTransmitThroughput,5867.265,5848.405,121
ReadIOPS,100.410,0.830,121
ReadLatency,0.001,0.000,121
ReadThroughput,822559.056,6798.009,121
ReplicationSlotDiskUsage,-1.000,-1.000,121
SwapUsage,0.000,0.000,121
WriteIOPS,0.000,0.000,121
WriteLatency,0.000,0.000,121
WriteThroughput,0.000,0.000,121
